Title,Retail,Current Bid,End Date,URL
Overland Vehicle Systems HD Nomadic 2 Standard Soft Shell Roof Top Tent - Dark Gray Base with Green Rain Fly & Black 1000G PVC Travel Cover - Black Aluminum Base,1599.99,350.0,2026-01-23T03:25:00+00:00,https://buywander.com/auction/08de5799-c4ea-3f69-0022-4878fcbd0000
Truck Covers USA American Roll Tonneau Cover - Matte Black - CR403MT,3225.59,156.0,2026-01-23T03:07:00+00:00,https://buywander.com/auction/08de5790-bd83-f415-0022-4878fcbd0000
KAVANIC Fits Tesla Model Y Wheel Cover Hubcap 19 Inch Matte Black Support Logo Symmetry Design (4 PCS) Uberturbine Style for 2020-2024 Model Y Gemini Wheel Cover Replacement Uberturbine Style Matt Black,149.99,31.0,2026-01-23T03:02:00+00:00,https://buywander.com/auction/08de57a5-bb79-5adb-0022-487e48900000
"YZONA JK Front Skid Plate Steel Bumper Cover Compatible with Jeep Wrangler JK 2007-2018 2 Door & 4 Door, Lower Guard Plate Off-Road Engine Protection Bolt-on (Not Suitable for Original Factory Bumper)",110.99,53.0,2026-01-23T03:15:00+00:00,https://buywander.com/auction/08de571e-be4b-c38b-0022-487e48900000
"RVMasking Travel Trailer RV Cover 20-22ft, 7 Layers Extra-Thick Camper Cover Waterproof Windproof for Toy Hauler with 4 Tire Covers & Tongue Jack Cover, Durable Trailer Cover for RVs, Medium Gray",229.99,27.0,2026-01-23T03:05:00+00:00,https://buywander.com/auction/08de577e-5963-f919-000d-3a07386f0000
"YWZQ Full Set Car Seat Covers for Ford F-150 F250 F-350 XL XLT STX Lariat King Ranch Platinum Raptor Seat Covers 2011-2025, Waterproof Seat Protectors(Luxury 5 Seats/Black&Coffee)",198.0,36.0,2026-01-23T03:11:00+00:00,https://buywander.com/auction/08de5781-94cc-e5fd-0022-4878fcbd0000
"4PCS Universal Fender Flares, Wide Body Kit Flexible Fender Flares Wheel Body Kit for Cars Compatible with Dodge Charger Challenger Honda Civic Accord Toyota Corolla Camry VW Audi Acura TSX Black 31.5 inch-WIDE",78.96,29.0,2026-01-23T03:48:00+00:00,https://buywander.com/auction/08de5732-32a2-83e8-0022-487e48900000
"OEDRO Soft Quad Fold Truck Bed Tonneau Cover Fits for Chevy Silverado/GMC Sierra 1500 New Body Style 2007-2013 Without Multi-Flex Tailgate, Fleetside 6.6 Feet Bed",229.99,50.0,2026-01-23T03:20:00+00:00,https://buywander.com/auction/08de5725-c774-becf-000d-3a07386f0000
"Car Seat Covers Full Set, Leather Seat Covers for Cars, Car Seat Protector Waterproof, Non-Slip Car Interior Covers Full Set Universal Automotive Seat Covers for Most Cars SUVs, Black",125.99,29.0,2026-01-23T03:03:00+00:00,https://buywander.com/auction/08de5859-6e53-08b9-0022-4878fcbd0000
"TOPBEE Adjustable Trailer Hitch, Drop Hitch, Tow Hitch Fits 2-inch Receiver, 8-inch Drop, 2 and 2-5/16 inch Balls, 12,500 LB,Solid Tube Hitch with Anti-Theft Pin, Silver",149.99,71.0,2026-01-23T03:15:00+00:00,https://buywander.com/auction/08de5789-9c0c-5ff6-0022-4878fcbd0000
S4728 Red Front/Rear Brake Caliper w/Bracket Left & Right Side Pair for Cadillac Escalade for Chevy Avalanche Express Silverado Suburban for Gmc Safari Savana Sierra Yukon H2 18B4729 18B4728,138.95,20.0,2026-01-23T03:13:00+00:00,https://buywander.com/auction/08de578d-8305-4667-0022-4878fcbd0000
"Headlight Tail Light Compatible with 2003-2006 Chevy Silverado Avalanche 1500 1500HD 2500 2500HD 3500(07 Sivlerado Classic),Chrome Housing Clear Lens",115.99,51.0,2026-01-23T03:13:00+00:00,https://buywander.com/auction/08de578d-ee94-12ef-0022-487e48900000
Huray Full LED Headlights Assembly for Chevy Silverado 1500 2019-2021 [Only for Halogen Version] [Driver & Passenger Side] LED DRL w/Lens Head Lamps,399.99,22.0,2026-01-23T03:08:00+00:00,https://buywander.com/auction/08de5743-81af-0bdc-0022-4878fcbd0000
"Tesstudio Upgraded Head Up Display for Tesla Model Y Juniper 2025+, 8.9 Touch Screen Instrument Cluster with CarPlay & Android Auto Real-Time Vehicle Info Display",299.99,15.0,2026-01-23T03:16:00+00:00,https://buywander.com/auction/08de5785-7b56-72c8-0022-487e48900000
Smoke Machine Automotive Diagnostic Detector - 12V DC EVAP Smoke Leak Tester with Built-in Air Pump for Vehicle Pipe System,52.99,15.0,2026-01-23T04:14:00+00:00,https://buywander.com/auction/08de5786-ecf0-cad0-0022-487e48900000
"2-Pack 16 x 6.5-8 Riding Lawn Mower Tire and wheel with 3/4"" or 5/8'' Bushing, 16Inch Tire Assembly for Lawn Mower, Garden Tractor.3"" -6''Offset Hub. (16 x 6.50-8 Tubeless,3"" Offset Hub)",124.99,33.0,2026-01-23T03:05:00+00:00,https://buywander.com/auction/08de5787-6372-538a-0022-4878fcbd0000
GSTP Universal 20 Gallon 80L Fuel Cell Tank with Cap and Level Sender Polished Aluminum Black,179.89,48.0,2026-01-23T03:23:00+00:00,https://buywander.com/auction/08de579d-2c72-f376-0022-4878fcbd0000
Fullux for 2004-2008 Ford F150 Headlights for 2006-2008 Lincoln Mark LT Chrome Housing Amber Reflector 2PC Front Left Right Lights Replacement Headlamp 2005 2006 2007,83.88,16.0,2026-01-23T04:17:00+00:00,https://buywander.com/auction/08de579f-87d6-2899-0022-487e48900000
Rigid Molle Panels for Vehicles + Molle Headrest Panel Universal Tactical Molle Seat Back Panel Organizer Modular Storage & Display for Tactical Gears Accessories,39.99,13.11,2026-01-23T04:03:00+00:00,https://buywander.com/auction/08de579f-ac0f-6732-0022-4878fcbd0000
Rough Country N3 Dual Steering Stabilizer for 07-18 Jeep Wrangler JK - 8734930,149.95,26.0,2026-01-23T03:27:00+00:00,https://buywander.com/auction/08de5790-6cd7-e5f8-0022-4878fcbd0000
"RVGUARD RV Cover, Travel Trailer Cover fits for 20' - 22' RV, 6 Layers Anti-UV Waterproof Camper Cover, with Tongue Jack Cover and Storage Bag, Grey",169.99,26.0,2026-01-23T03:05:00+00:00,https://buywander.com/auction/08de579d-0877-2961-0022-487a2e050000
"NS YOLO Universal Fit Full Coverage Leather Car Seat Covers for Cars,SUVs and Pick-up Trucks, Car Seat Protector,Automotive Seat Covers Full Set,Car Seat Cushion,Wine Red Seat Cover for 5 Seats",135.98,21.0,2026-01-23T03:04:00+00:00,https://buywander.com/auction/08de57a5-d64c-4a46-0022-4878fcbd0000
Mamoru Soft Roll Up 6.5ft Truck Bed Cover Compatible for 1999-2007 Chevy Silverado GMC Sierra 1500 2500 HD 3500 HD Vinyl Tonneau Cover | Fleetside Only,188.99,9.0,2026-01-23T03:03:00+00:00,https://buywander.com/auction/08de5772-ad8d-befc-0022-4878fcbd0000
"Autoround 515058 4WD Front Wheel Bearing and Hub Assembly Fit for 1999-2007 Chevy Silverado Suburban 1500 Avalanche 2500 Silverado 3500 HD, GMC Sierra Yukon XL 1500 2500 HD, Hummer H2, 8-Lug w/ABS",109.99,16.0,2026-01-23T03:06:00+00:00,https://buywander.com/auction/08de577b-ee8a-9880-0022-4878fcbd0000
"VEVOR 75ft Heated Water Hose for RV, Heated Drinking Water Hose Antifreeze to -45°F, Automatic Self-regulating, 5/8"" I.D. with 3/4"" GHT Adapter, Lead and BPA Free",107.83,53.0,2026-01-23T03:14:00+00:00,https://buywander.com/auction/08de5792-0197-d70e-0022-487e48900000
"EV Charger Cover for Tesla Wall Charger, Outdoor EV Charger Enclosure, Stainless Steel Electric Vehicle Charger Box with Mechanical Combination Lock, Waterproof and Dustproof, 23.6 x 16.9 x 8.3''",149.89,11.0,2026-01-23T03:20:00+00:00,https://buywander.com/auction/08de5793-29a0-69b8-0022-4878fcbd0000
"NWDEY Car Vacuum Cleaner High Power 20000Pa – Cordless Handheld Mini Vacuum & Air Duster for Car Detailing, 3-Speed Brushless Motor, 6000mAh Battery, Aspiradora para Carro, Home Office Camping",39.99,8.0,2026-01-23T04:14:00+00:00,https://buywander.com/auction/08de5786-d23f-95fb-0022-487e48900000
"8x20 FT Garage Floor Mat, 2.8mm Thickened PVC Rubber Garage Flooring Roll, Non-Slip Floor Protector Mat, Heavy Duty Diamond Plate Garage Floor Protector for Garage, RV Trailer, Basement, Black",159.99,28.0,2026-01-23T04:45:00+00:00,https://buywander.com/auction/08de5789-c029-2e68-0022-4878fcbd0000
"RIDEPOSH for Ford Bronco Seat Covers 4 Door 2021 2022 2023 2024 2025 2026, Custom Fit Leather Car Seat Cover Full Set, Luxury SUV Interior Protectors Accessories, Black Red NOT for Raptor Sport",269.99,26.0,2026-01-23T03:10:00+00:00,https://buywander.com/auction/08de5795-8d95-120d-0022-4878fcbd0000
"Car Seat Cover Full Set, Leather Car Seat Cover, Waterproof Seat Covers, Car Seat Cushion, Nappa Leather Seat Covers Car Seat Protector Universal Fit Most Cars Black",113.99,21.0,2026-01-23T03:07:00+00:00,https://buywander.com/auction/08de5797-cb72-aeca-0022-487e48900000
"VEVOR Motorcycle Rear Wheel Stand, 850lbs/390kg Load Capacity Lift with U + L Fork Swingarm Spool, Heavy Duty Rear Wheel Stand Motorcycle Lift Jack Stand, for Suzuki Yamaha Honda Kawasaki, Black",41.9,17.0,2026-01-23T03:30:00+00:00,https://buywander.com/auction/08de579c-66e8-7789-0022-487e48900000
"Head Gasket Set, Compatible with 2002-2011 Chevy Silverado Tahoe Avalanche Express Suburban, GMC Sierra Savana Yukon Envoy, Buick Cadillac Isuzu 4.8L 5.3L V8 CS9284, HS26191PT MLS Engine Gasket Kit",79.89,31.0,2026-01-23T03:38:00+00:00,https://buywander.com/auction/08de5777-7afa-9253-0022-4878fcbd0000
"WMCHEYI Car Cover Waterproof All Weather,6 Layers Car Covers for Automobiles, Full Exterior Cover with Zipper, Outdoor Car Cover Sun UV Rain Snow Wind Protection, Fit for 210""(210*74*59 inch)Sedan",33.99,10.0,2026-01-23T03:31:00+00:00,https://buywander.com/auction/08de5777-d7c0-d93a-0022-4878fcbd0000
"AUTOSAVER88 Tail Lights Compatible with 2014-2018 Chevy Silverado 1500, 2015-2019 2500HD&3500HD, 15-19 GMC Sierra 3500 HD (Dual Rear Wheel Only), Red Style Tail Brake Lamps Pickup Taillights Assembly",188.99,21.0,2026-01-23T03:26:00+00:00,https://buywander.com/auction/08de57a8-574b-2c0b-0022-4878fcbd0000
"Car Heater,2-in-1 Defroster & Defogger,Portable Car Heaters for Vehicle,Car Defroster Windshield Heater That Plugs into Cigarette Lighter",25.99,6.0,2026-01-23T03:46:00+00:00,https://buywander.com/auction/08de5742-c044-ac41-0022-4878fcbd0000
"Head Gasket Set, Compatible with 2002-2011 Chevy Silverado Tahoe Avalanche Express Suburban, GMC Sierra Savana Yukon Envoy, Buick Cadillac Isuzu 4.8L 5.3L V8 CS9284, HS26191PT MLS Engine Gasket Kit",79.89,31.0,2026-01-23T03:38:00+00:00,https://buywander.com/auction/08de5777-7afa-9253-0022-4878fcbd0000
"2 Bike Rack Bicycle Carrier Racks Hitch Mount Double Foldable Rack for Cars Truck SUV Fits 2"" Hitch Receiver, Including Anti-Rattle Hitch Tightener 2-BIKE RACK",92.99,15.0,2026-01-23T03:57:00+00:00,https://buywander.com/auction/08de5777-8fe2-3201-0022-487e48900000
"WMCHEYI Car Cover Waterproof All Weather,6 Layers Car Covers for Automobiles, Full Exterior Cover with Zipper, Outdoor Car Cover Sun UV Rain Snow Wind Protection, Fit for 210""(210*74*59 inch)Sedan",33.99,10.0,2026-01-23T03:31:00+00:00,https://buywander.com/auction/08de5777-d7c0-d93a-0022-4878fcbd0000
"for Hyundai Palisade 2020-2024 2025 Floor Mats Cargo Mat with Backrest Mats and Trunk Lower Mat, All Weather TPE Cargo Liner Trunk Mat for Palisade Calligraphy Car Mat 7/8 Seat Accessories",119.99,11.0,2026-01-23T03:01:00+00:00,https://buywander.com/auction/08de5793-8cab-20f2-0022-487e48900000
"Stem Caster Wheels 3 inch, Shelving Wheels Heavy Duty, Industrial Casters for Wire Shelving, Wheels Set of 4, Stem Threaded 1/4""-20 Shelf Caster Replacement Wheel, Black",33.31,7.0,2026-01-23T03:35:00+00:00,https://buywander.com/auction/08de5799-3d1d-1b95-0022-487e48900000
"TRICO Silicone Ceramic™ (90-2222) 22 Inch & 22 inch pack of 2 Automotive Replacement Windshield Wiper Blades For my Car, Super Premium All Weather Beam Blade for Select Vehicle Models",65.99,7.11,2026-01-23T04:14:00+00:00,https://buywander.com/auction/08de5859-6543-e758-0022-487e48900000
ATMOMO Car Trash Can Bin Waste Container Multi-Function Storage Box Car Cup Holder Car Organizer,24.89,4.0,2026-01-23T03:38:00+00:00,https://buywander.com/auction/08de5742-9ad3-b9f6-0022-4878fcbd0000
"SCITOO Brake Pads Kits Front Semi-Metal Rear Ceramic 8pcs Fit for Cadillac Escalade,Escalade ESV,for Chevy Silverado 1500,Suburban,Tahoe,for GMC Sierra 1500,Sierra 1500 Limited,Yukon,Yukon XL",52.89,7.0,2026-01-23T03:30:00+00:00,https://buywander.com/auction/08de577a-ea65-29e3-0022-487e48900000
"DikaSun Pop Up Camper Cover 10'-12', 7 Layers Waterproof Pop-up Tent Trailer Cover Anti-UV Folding Camper RV Cover for Motor Home",74.98,6.0,2026-01-23T04:29:00+00:00,https://buywander.com/auction/08de577e-4770-e3f0-0022-487e48900000
Nilight Bolt on Tractor Bucket 2 inch Towing Receiver 5/8”Pin Hole Class 3 Trailer Hitch 25573LBS Work Well for Tractor Bucket RV UTV Truck,31.01,6.0,2026-01-23T03:59:00+00:00,https://buywander.com/auction/08de577f-82d9-06b7-0022-487e48900000
FLOVENTIS 2Pcs Rubber Cushion Suspension Kit for 2002-2013 Dodge Ram 1500/2500 2WD/4WD Pickup Trucks OEM Replaces DR2500CA Car Rear Rubber Helper Springs Kit (7X1255),79.0,11.11,2026-01-23T03:34:00+00:00,https://buywander.com/auction/08de5786-c86f-3763-0022-4878fcbd0000
Flex-A-Lite 1-1/2 Inch Inside Diameter In-line Radiator Hose Adapter (32082/107078),54.95,4.33,2026-01-23T04:20:00+00:00,https://buywander.com/auction/08de578b-158c-1c20-0022-4878fcbd0000
AUTOSAVER88 LED Tail Light Assemblies Compatible with 19 20 21 22 23 2019-2023 Chevy Silverado 1500/2022 Chevy Silverado 1500 LTD Tail Lamp Clear Lens Taillights Replacement - Pair Set,149.99,5.0,2026-01-23T03:12:00+00:00,https://buywander.com/auction/08de5793-9578-57ce-0022-487e48900000
"Shocks,ECCPP 2x Front Shocks Absorbers for Chevy Fits 2002-2006 for Chevy Avalanche 1500,2007 for Chevy Silverado 1500 Classic,1999-2006 for Chevy Silverado 1500 for GMC Sierra 1500 4WD/AWD",32.99,11.0,2026-01-23T03:51:00+00:00,https://buywander.com/auction/08de5797-cb0e-84bb-0022-4878fcbd0000
"A-Premium Front Catalytic Converter Kit Direct-Fit Compatible with Toyota & Lexus Models - Prius 2010-2015, Prius V 2012-2013, CT200h 2011-2013 - L4 1.8L - E.P.A. Compliant",132.99,22.0,2026-01-23T03:07:00+00:00,https://buywander.com/auction/08de579a-daf3-5732-0022-4878fcbd0000
TuoLauthon 12V 500A Winch Solenoid Contactor Relay for 4WD 4x4Winches Replacement 8000lbs-17000lbs UTV ATV Winches,36.99,6.0,2026-01-23T04:08:00+00:00,https://buywander.com/auction/08de57a1-a401-39cb-0022-4878fcbd0000
"Floor Mats Cargo Mat with Backrest Mats for 2020-2025 Kia Telluride 7/8 Passenger Car Mats Accessories, All Weather TPE Protectors Cargo Liner Seat Back Covers(Floor Mats+2-in-1 Cargo Mat)",139.99,6.01,2026-01-23T03:15:00+00:00,https://buywander.com/auction/08de57a4-5177-f514-0022-487e48900000
"FEINEPRO Seat Covers Fit for Model Y 2020–2024 7-Seater, Custom Full Set for Three Rows, Waterproof Leatherette, Breathable & Easy Installation – White (Not Fit 2025/2026)",279.99,11.0,2026-01-23T03:01:00+00:00,https://buywander.com/auction/08de57a4-5aac-f60e-0022-4878fcbd0000
"ULTRAVERSE 20x3.0 E-Bike Fat Tire - Robust, High-Performance 20inch Fat Tyre for MTB and Ebikes, Durable All-Terrain Directional Tread, Superior Density for Street & Trail Adventures-2 Units 20x3.0 2 Unit Pack",104.99,6.0,2026-01-23T03:01:00+00:00,https://buywander.com/auction/08de57a5-464c-c1e3-0022-4878fcbd0000
"VIWIK TPE Floor Mats for Chevy Silverado/GMC Sierra 1500 2019-2024 2025, All Weather Car Mats Compatible for GMC Sierra 2500HD/3500HD 2020-2024 2025, Chevy Silverado 1500 Accessories, 3pcs",109.99,5.0,2026-01-23T03:25:00+00:00,https://buywander.com/auction/08de5742-b579-d4f3-0022-4878fcbd0000
"WeatherWard for Ford F150 Seat Covers 2026 2025 2024 2023 2022 2021 2020 2015-2019, Truck Seat Covers for 2015-2023 2024 2025 2026 Ford F150 Accessories, SuperCrew/CrewCab (XL/XLT/STX) Black, Full Set",209.99,21.0,2026-01-23T03:24:00+00:00,https://buywander.com/auction/08de5742-bbba-9f1a-0022-4878fcbd0000
"NOENNULL 1K0907379AC ABS Control Module, Anti Slip Stable Handling ABS Hydraulic Block Control Unit for Vehicle, Made of Sturdy Material, High Strength Wear Proof",112.49,4.0,2026-01-23T03:05:00+00:00,https://buywander.com/auction/08de5778-ea76-1315-0022-487a2e050000
"LASFIT Floor Mats & Cargo Mat Fits for Subaru Outback 2015-2019, All Weather TPE Custom Fit Easy Clean Durable No-Curling Car Accessories for Outback 2019-2015 Floor Liners & Trunk Liner, Black",189.0,5.0,2026-01-23T03:26:00+00:00,https://buywander.com/auction/08de577a-fcc0-dad4-0022-4878fcbd0000
EOHMAK Car Floor Mats Non-Slip Automotive Floor Mats All-Weather Front Rear Car Floor Foot Mat Sets of 4 Pieces Foot Mats Rugs Carpet for Car Trucks SUV Sedans (Red),29.99,7.0,2026-01-23T03:57:00+00:00,https://buywander.com/auction/08de5783-8426-8a6f-0022-487e48900000
Trkimal 52.4mm Complete Cylinder Head Valves Assembly Replacement for 4 Stroke Chinese TaoTao Coolster ATV 110cc Pit Quad Dirt Bike Go Kart,38.97,4.0,2026-01-23T04:21:00+00:00,https://buywander.com/auction/08de578a-fba8-c13d-0022-487e48900000
"Aurorasters Soft Roll Up Truck Bed Tonneau Cover for 2015-2024 2025 2026 Ford F150 6.5FT (78.9"") Bed,No Drilling,All Weather Protection,Anti-Theft Security (Soft Roll Up, 6.5FT Bed)",169.99,6.0,2026-01-23T03:24:00+00:00,https://buywander.com/auction/08de5790-910f-d3c7-0022-4878fcbd0000
"OASIS AUTO Custom Fit Seat Covers for 2013-2018 Toyota RAV4, Waterproof Faux Leather Seat Protector Cushion Rav4 Car Accessories (Full Set, Black&Gray) 2013-2018 FullSet Black&Gray",189.99,6.0,2026-01-23T03:07:00+00:00,https://buywander.com/auction/08de5742-7c62-74b2-0022-4878fcbd0000
"Qyebbk Cargo Liners for 2020-2025 Ford Escape Trunk Mat with Seat Back Cover Accessories, All Weather Rear Cargo Mat Backrest Protector for 2020 2021 2022 2023 2024 2025 Escape",79.99,3.0,2026-01-23T03:50:00+00:00,https://buywander.com/auction/08de5778-c0aa-ca11-0022-487e48900000
"Geloo Digital GPS Speedometer, Heads up Display for Cars with Speed MPH,KM/H, Compass, Time, Fatigue Driving Alert, Speed Alarm, Brightness Adjustment, HUD Display for All Vehicles (G13)",25.88,6.51,2026-01-23T04:14:00+00:00,https://buywander.com/auction/08de577b-8347-6a0a-0022-4878fcbd0000
Autorder Car Seat Organizer for 2018-2025 Chevy Chevrolet Traverse Accessories Portable Backseat Organizer with Lid Handles Multipurpose Car Floor Storage for Kids Toys Baby Products Daily Necessities,49.99,6.0,2026-01-23T03:48:00+00:00,https://buywander.com/auction/08de577b-a7a4-187b-0022-4878fcbd0000
"OUMURS Adult Dirt Bike Helmet with Goggles Gloves & Mask Adjustable Sun Visor Motorcycle Adult ATV Helmet Off-Road Motocross Downhill Moped MX BMX for Unisex-Adult-Matte Black-188, M",66.45,7.0,2026-01-23T04:15:00+00:00,https://buywander.com/auction/08de577d-aee3-c3db-0022-487e48900000
EOHMAK Car Floor Mats Non-Slip Automotive Floor Mats All-Weather Front Rear Car Floor Foot Mat Sets of 4 Pieces Foot Mats Rugs Carpet for Car Trucks SUV Sedans (Red),29.99,7.0,2026-01-23T03:57:00+00:00,https://buywander.com/auction/08de5783-8426-8a6f-0022-487e48900000
"G4KJ 2.4 Engine Crankshaft and Bearings Kit for Hyundai Sonata Tucson Santa Fe Sport, for Kia Optima Sportage Sorento Forte 2.4L, 23111-2G200 23111-2G230",148.88,8.0,2026-01-23T03:14:00+00:00,https://buywander.com/auction/08de5789-e41e-3c8c-0022-487e48900000
"FEINEPRO Black and Blue Car Seat Covers Only Front 2pc - Breathable Faux Leather Universal Seat Covers for Cars, Automotive Protector Fit for Most Sedan SUV Pick-up Truck",89.99,10.0,2026-01-23T03:34:00+00:00,https://buywander.com/auction/08de578a-2b1e-b3d7-0022-487e48900000
Trkimal 52.4mm Complete Cylinder Head Valves Assembly Replacement for 4 Stroke Chinese TaoTao Coolster ATV 110cc Pit Quad Dirt Bike Go Kart,38.97,4.0,2026-01-23T04:21:00+00:00,https://buywander.com/auction/08de578a-fba8-c13d-0022-487e48900000
"Everlasting Comfort Doctor Recommended Memory Foam Seat Cushion for Office Chairs & Car - Ergonomic Office Desk Accessories - Cushions for Tailbone Pain Relief, Sciatica (Black Upgraded, Large)",35.99,6.0,2026-01-23T03:53:00+00:00,https://buywander.com/auction/08de578d-1fdb-474b-0022-4878fcbd0000
Home 3-a:40-B:C Class ABC 2.5 Lb. Fire Extinguisher 21030936,52.97,11.0,2026-01-23T04:00:00+00:00,https://buywander.com/auction/08de578f-6063-479e-0022-4878fcbd0000
"MAUSGAAV New 2-Pack Automotive Oil Film Cleaning Brush, Oil Film Remover for Car Windshield, Car Window Glass Cleaning Board, Universal Anti-Rain Fog Cleaning Glass Brush, Red",15.99,5.0,2026-01-23T03:48:00+00:00,https://buywander.com/auction/08de579e-31ce-cb00-0022-4878fcbd0000
"ORION MOTOR TECH Wire Connector 4 Pack, 175A Wire Harness Plug Kit for 2 Gauge Cables, 12V to 36V Battery Quick Connect Disconnect Set for Car Bike ATV Winches Lifts Motors More, Set of 4, Red",27.61,4.0,2026-01-23T03:50:00+00:00,https://buywander.com/auction/08de57a4-4895-686c-0022-487e48900000
Aierxuan Car Seat Covers Front Set with Waterproof Leather Automotive Vehicle Cushion Cover for Cars SUV Pickup Truck Fit for 2009 to 2025 Ford F150 Carhartt and 2017 to 2025 F250 F350 F450 Black 2 pcs Front seat,119.99,4.0,2026-01-23T03:19:00+00:00,https://buywander.com/auction/08de57a5-3444-1f55-0022-4878fcbd0000
"FREESOO 1:1 Costom Fit Seat Covers for Toyota Camry Hybrid LE - Hybrid SE 2026 2025, Waterproof Leather Car Seats Cover Full Set for Camry(Black)",249.99,8.0,2026-01-23T03:29:00+00:00,https://buywander.com/auction/08de5742-9a65-31e5-0022-4878fcbd0000
Dorman 32115 Exhaust Flange Hardware Kit Compatible with Select Models,22.38,3.0,2026-01-23T03:35:00+00:00,https://buywander.com/auction/08de5778-ea5e-df00-0022-4878fcbd0000
"YFM400 Carburetor Compatible with ATV Yamaha 2000-2006 Kodiak 400 YFM400 & Big Bear 400, 2004-2006 Bruin 350, 2006-2009 Wolverine 350, 2007-2011 Grizzly 350 450, 2007-2010 Wolverine 450",35.95,3.0,2026-01-23T03:54:00+00:00,https://buywander.com/auction/08de577b-5e98-f024-0022-4878fcbd0000
PCV Valve Engine Crankcase Vent Valve Oil Separator with Valve Breather Hose Kit for 2012-2018 Audi A4 A5 A6 Q5 Quattro Allroad 2.0T Only 06H103495AE 06H103495J 06H103495AK,39.99,5.0,2026-01-23T03:59:00+00:00,https://buywander.com/auction/08de5783-9604-1784-0022-4878fcbd0000
"LASFIT Floor Mats for Ford Ranger 2025 2024 SuperCrew Cab All Weather Truck Protector TPE Carpeted Floor Liners, Front and Rear Row, 3pc Black 5) 2024-2025 | Ford Ranger | 1st & 2nd Row",139,5.0,2026-01-23T03:21:00+00:00,https://buywander.com/auction/08de5789-1d7f-616a-0022-4878fcbd0000
Aluminium Peterbilt Battery Box Toolbox Bottom Replacement Step for 379 388 389,79.99,3.0,2026-01-23T04:28:00+00:00,https://buywander.com/auction/08de578b-c0e6-99bf-0022-4878fcbd0000
ST Logo Hitch Cover for 2 Inch Receivers(with 5/8-Inch Pin Diameter Trailer Hitch Lock),33.95,4.0,2026-01-23T03:39:00+00:00,https://buywander.com/auction/08de5795-9562-51e6-0022-4878fcbd0000
"Mabett Truck Bed Mat with Tailgate Mat and Floor Mats with Door Sill Protectors for Ford Maverick Hybrid Model 2022-2025,All - Weather TPE Liners Accessories(NOT fit Gasoline)",132.99,4.0,2026-01-23T03:29:00+00:00,https://buywander.com/auction/08de579a-4b30-4e27-0022-4878fcbd0000
"601-082 Wireless Ignition Module Switch Compatible with 2011-2013 Dodge Challenger, Ram 1500 2500 3500 4500 5500, Jeep Grand Cherokee, Chrysler Town & Country Replace 68105739AC 5026533AE",195.0,2.0,2026-01-23T03:23:00+00:00,https://buywander.com/auction/08de57a1-4964-d329-0022-4878fcbd0000
WOWAUTO Auto Transmission Valve Body Kit 9HP48 Replacement Fit for Range Evoque/Discovery 9 Speed,299.99,6.01,2026-01-23T03:05:00+00:00,https://buywander.com/auction/08de57a1-fe2e-c857-0022-4878fcbd0000
"A-Premium Set of 4PCS Mud Flaps Splash Guards Mudguards Mudflaps with Hardware Accessories Compatible with Chevrolet Tahoe 2015-2020, Sport Utility, Front and Rear (Driver and Passenger Sides)",38.99,3.0,2026-01-23T03:40:00+00:00,https://buywander.com/auction/08de57a4-d008-10fa-0022-487e48900000
"Car Seat Covers Full Set, 5Pcs Universal Leather Seat Covers for Cars, Waterproof Front and Rear Seat Covers Breathable Automotive Vehicle Seat Cover for Most Trucks, SUVs, Sedans, Black Black FullSet",98.99,16.0,2026-01-23T03:39:00+00:00,https://buywander.com/auction/08de57a6-0e5a-fd4b-0022-487a2e050000
"Automatic Retractable Car Sunshade, 2025 New Adjustable Auto Windshield Sun Shade, 35x50 inch Suction Cup Sunshade for Various Models, UV Blocking Protects for Drivers",29.98,4.5,2026-01-23T03:14:00+00:00,https://buywander.com/auction/08de5721-3c8c-e3f8-0022-4878fcbd0000
Dorman 32115 Exhaust Flange Hardware Kit Compatible with Select Models,22.38,3.0,2026-01-23T03:35:00+00:00,https://buywander.com/auction/08de5778-ea5e-df00-0022-4878fcbd0000
"Husky Liners - Front Mud Guards | 1999-2007 Chevrolet Silverado 1500 w/OE Flares, Front Set - Black, 2 Pc | 56211",59.99,3.0,2026-01-23T04:50:00+00:00,https://buywander.com/auction/08de577a-1c8f-080d-0022-4878fcbd0000
"89019089 HVAC Blower Motor Fan Resistor Fits for 1999 2000 2001 2002 2003 2004 2005 2006 Chevy Silverado 1500 2500 Tahoe GMC Sierra Yukon C'adillac Escalade 973-004, 89018597, 22807122",19.99,3.0,2026-01-23T04:26:00+00:00,https://buywander.com/auction/08de577f-4322-9fa5-0022-487a2e050000
"2-4"" Lift Front Upper Control Arm for 2014-2018 Chevy Silverado 1500 & GMC Sierra 1500,2015-2020 Chevy Suburban 1500, Tahoe, Yukon, Yukon XL, 2007-2013 Chevy Avalanche, 2PC",119.99,10.0,2026-01-23T03:18:00+00:00,https://buywander.com/auction/08de5781-67f8-88bf-0022-487e48900000
"HOJX Quiet Front Windshield Wiper Blades 26 inch and 18 inch Set of 2, OEM Quality All-Season Windshield Wipers,U&J-Hook for My Car/Automotive Replacement, Easy to Install OEM Replacement Parts",28.74,5.0,2026-01-23T04:21:00+00:00,https://buywander.com/auction/08de5786-77a6-9a00-0022-487e48900000
ST Logo Hitch Cover for 2 Inch Receivers(with 5/8-Inch Pin Diameter Trailer Hitch Lock),33.95,4.0,2026-01-23T03:39:00+00:00,https://buywander.com/auction/08de5795-9562-51e6-0022-4878fcbd0000
"RILLEC Floor Mats Cargo Liner Backrest Mat for 2026 Hyundai Palisade 7 Seat Fuel,All Weather Protection Accessories Custom Full Set Liners Include 1st & 2nd & 3rd Row Heavy Duty Winter Slush Car Liner",132.98,4.0,2026-01-23T03:06:00+00:00,https://buywander.com/auction/08de579d-7475-dbbb-0022-4878fcbd0000
AIPOIL® Floor Mats & Cargo Liner Set for 2019-2024 Lexus ES & ES350 & ES300h & 2025 Lexus ES Hybrid & ES300h All Weather Protection TPE Anti-Slip Automotive Full Set Custom Car Mats Accessories -Black,102.99,4.0,2026-01-23T03:14:00+00:00,https://buywander.com/auction/08de579f-99b2-2a52-0022-4878fcbd0000
"A-Premium Set of 4PCS Mud Flaps Splash Guards Mudguards Mudflaps with Hardware Accessories Compatible with Chevrolet Tahoe 2015-2020, Sport Utility, Front and Rear (Driver and Passenger Sides)",38.99,3.0,2026-01-23T03:40:00+00:00,https://buywander.com/auction/08de57a4-d008-10fa-0022-487e48900000
"Car Seat Covers Full Set, 5Pcs Universal Leather Seat Covers for Cars, Waterproof Front and Rear Seat Covers Breathable Automotive Vehicle Seat Cover for Most Trucks, SUVs, Sedans, Black Black FullSet",98.99,16.0,2026-01-23T03:39:00+00:00,https://buywander.com/auction/08de57a6-0e5a-fd4b-0022-487a2e050000
"AUQDD 12Pc Front End Suspension Kit Fit For 2009-2020 Do-dge Journey, 2 Lower Control Arm 2 Ball Joint 2 Sway Bar Link 4 Outer Inner Tie Rod End 2 Boots (# K641333 K750382 EV800611 ES800408 K500120)",152.81,2.0,2026-01-23T03:08:00+00:00,https://buywander.com/auction/08de57a6-6faf-a54e-0022-4878fcbd0000
TRQ Rear Left and Right Wheel Bearing and Hub Assembly Set 2 Piece Compatible with 2017-2020 Lincoln MKZ Front Wheel Drive,141.95,4.5,2026-01-23T03:00:00+00:00,https://buywander.com/auction/08de584f-7af7-0547-0022-487e48900000
62TE Main Transmission Solenoid Assembly Block Pack Compatible with Chrysler and Dodge 2007-Up Replacement for 68376696AA,105.99,1,2026-01-23T03:06:00+00:00,https://buywander.com/auction/08de5742-9589-bfc7-0022-4878fcbd0000
"Pair 513123 Front Wheel Bearing Hub Assembly Compatible with Chrysler Town & Country 1996-2007, Grand Voyager Prowler Voyager, for Dodge Grand Caravan 96-07, for Plymouth Grand Voyager Prowler, 5 Lug",63.92,2.0,2026-01-23T03:51:00+00:00,https://buywander.com/auction/08de577c-360e-e596-0022-4878fcbd0000
Tail Light Compatible with 2007-2018 Mercedes-Benz Dodge Freightliner Sprinter 2500/3500 No Bulbs (Right Passenger Side),53.99,2.0,2026-01-23T03:30:00+00:00,https://buywander.com/auction/08de577d-7919-e2de-0022-4878fcbd0000
"OPL5 2Pcs Red and Blue Strobe Lights,10 Inch, 16 Flashing Modes, Waterproof Red Blue Beacon Police Lights for Firefighter Construction Snow Plow Cars (2Pcs Red/Blue)",39.69,6.0,2026-01-23T03:55:00+00:00,https://buywander.com/auction/08de5781-e585-6acc-0022-4878fcbd0000
"Camco Evo X3 Triple Stage Premium Camper/RV Water Filter Kit | Features 3 Replaceable Cartridges to Remove Sediments, Chlorine, Bad Tastes, Odors, Viruses, Bacteria, Contaminates, and More (40649)",285.57,2.0,2026-01-23T04:46:00+00:00,https://buywander.com/auction/08de578a-e3ec-a1aa-0022-487a2e050000
Fit for 2021-2024 F150 Wheel Well Liner Rear Wheel Well Guards mud Flaps for 2024 Ford F150 Accessories (Not fit Raptor),103.99,4.0,2026-01-23T03:13:00+00:00,https://buywander.com/auction/08de578d-722f-eaf6-0022-487e48900000
Titibett Truck Roof Spoiler Compatible with 2019-2026 Jeep Gladiator Rear Roof Protector Wing Fits for Gladiator JT Exterior Accessories Roof Molding Trim Roof Deflector,31.99,2.0,2026-01-23T03:58:00+00:00,https://buywander.com/auction/08de5792-760f-29f9-0022-487e48900000
"AUTOXBERT ENET OBD2 for BMW F G i Series (ENET BMW Cable+ USB Type C) Compatible E SYS ISTA+ ICOM Bootmod3 Bimmercode, Driver Free USB C to RJ4510/100Mbps High Speed,Plug and Play",26.99,2.0,2026-01-23T03:53:00+00:00,https://buywander.com/auction/08de5795-5f33-0ada-0022-4878fcbd0000
"Delphi FG1972 Fuel Module, 1 Pack",184.78,4.0,2026-01-23T03:10:00+00:00,https://buywander.com/auction/08de5799-d6da-519d-0022-487e48900000
"NewYall Upper and Lower Radiator Coolant Hose for Mercedes-Benz CL550 2007 2008, S550 2007-2011",49.99,1,2026-01-23T04:28:00+00:00,https://buywander.com/auction/08de5720-df5f-a62d-0022-4878fcbd0000
"Pair 513123 Front Wheel Bearing Hub Assembly Compatible with Chrysler Town & Country 1996-2007, Grand Voyager Prowler Voyager, for Dodge Grand Caravan 96-07, for Plymouth Grand Voyager Prowler, 5 Lug",63.92,2.0,2026-01-23T03:51:00+00:00,https://buywander.com/auction/08de577c-360e-e596-0022-4878fcbd0000
HOLDWELL Engine Coolant Thermostat Housing Heat Management Module 11538642560 Compatible with BMW 3' 5' 6' 7' G01 G02 G05 G06 G11 LCI G12 LCI G20 G21 G28 G29 G30 G31 G32 GT X3 X4 X5 X6 Z4,179.02,4.01,2026-01-23T03:23:00+00:00,https://buywander.com/auction/08de577d-b01c-182c-0022-4878fcbd0000
"950-001 Front Wheel Bearing and Hub Assembly 4WD with 6 Lugs fits for Toyota Tacoma 4Runner FJ Cruiser, Lexus GX460 GX470 Wheel Hub Bearing Assembly 515040 1 950-001",62.95,2.0,2026-01-23T03:44:00+00:00,https://buywander.com/auction/08de577e-f200-3a48-0022-487e48900000
"OPL5 2Pcs Red and Blue Strobe Lights,10 Inch, 16 Flashing Modes, Waterproof Red Blue Beacon Police Lights for Firefighter Construction Snow Plow Cars (2Pcs Red/Blue)",39.69,6.0,2026-01-23T03:55:00+00:00,https://buywander.com/auction/08de5781-e585-6acc-0022-4878fcbd0000
"KEMIMOTO UTV Seat Covers Camo, Waterproof Repellent Compatible with Can Am Defender Max Front Two Doors Split Bench Seat Covers- Camo",129.99,3.0,2026-01-23T03:10:00+00:00,https://buywander.com/auction/08de5782-1c0c-133c-0022-487e48900000
"FEINEPRO Black and Blue Car Seat Covers Only Front 2pc - Breathable Faux Leather Universal Seat Covers for Cars, Automotive Protector Fit for Most Sedan SUV Pick-up Truck",89.99,2.0,2026-01-23T04:27:00+00:00,https://buywander.com/auction/08de5782-6b80-9725-0022-4878fcbd0000
"BMT xms Car Interior LED Light Replacement for Toyota 4Runner 2010-2024,6000K Super Bright Interior Light Bulbs Package, 16pcs",24.99,2.0,2026-01-23T03:46:00+00:00,https://buywander.com/auction/08de5783-6921-eaf5-0022-4878fcbd0000
"Camco Evo X3 Triple Stage Premium Camper/RV Water Filter Kit | Features 3 Replaceable Cartridges to Remove Sediments, Chlorine, Bad Tastes, Odors, Viruses, Bacteria, Contaminates, and More (40649)",285.57,2.0,2026-01-23T04:46:00+00:00,https://buywander.com/auction/08de578a-e3ec-a1aa-0022-487a2e050000
Fit for 2021-2024 F150 Wheel Well Liner Rear Wheel Well Guards mud Flaps for 2024 Ford F150 Accessories (Not fit Raptor),103.99,4.0,2026-01-23T03:13:00+00:00,https://buywander.com/auction/08de578d-722f-eaf6-0022-487e48900000
"Delphi FG1972 Fuel Module, 1 Pack",184.78,4.0,2026-01-23T03:10:00+00:00,https://buywander.com/auction/08de5799-d6da-519d-0022-487e48900000
Rear Axle Shaft & Nut for Honda Rancher 420 TRX420 FE FM TE TM FPE FPM 2007-2013 42310-HP5-600,69.99,2.0,2026-01-23T03:47:00+00:00,https://buywander.com/auction/08de579d-ce9f-2ad6-0022-4878fcbd0000
"A-Premium HVAC Heater Blower Motor Assembly Compatible with Suzuki Vehicles - Grand Vitara 2006-2013, Sport Utility - Front Side, Replace# 7415076K10, 7415076K11",69.49,2.0,2026-01-23T03:43:00+00:00,https://buywander.com/auction/08de57a4-09b9-e085-0022-487e48900000
"NewYall Upper and Lower Radiator Coolant Hose for Mercedes-Benz CL550 2007 2008, S550 2007-2011",49.99,1,2026-01-23T04:28:00+00:00,https://buywander.com/auction/08de5720-df5f-a62d-0022-4878fcbd0000
Gates Kit,136.78,2.0,2026-01-23T03:18:00+00:00,https://buywander.com/auction/08de5723-4a19-b0fe-0022-4878fcbd0000
"950-001 Front Wheel Bearing and Hub Assembly 4WD with 6 Lugs fits for Toyota Tacoma 4Runner FJ Cruiser, Lexus GX460 GX470 Wheel Hub Bearing Assembly 515040 1 950-001",62.95,2.0,2026-01-23T03:44:00+00:00,https://buywander.com/auction/08de577e-f200-3a48-0022-487e48900000
TRIANGLE Kids Motorcycle Helmets Youth Full Face Helmet Lightweight with 2 Visors DOT Approved Large Matte Black,64.95,2.0,2026-01-23T04:18:00+00:00,https://buywander.com/auction/08de5780-7ea8-7f09-0022-487e48900000
"FEINEPRO Black and Blue Car Seat Covers Only Front 2pc - Breathable Faux Leather Universal Seat Covers for Cars, Automotive Protector Fit for Most Sedan SUV Pick-up Truck",89.99,2.0,2026-01-23T04:27:00+00:00,https://buywander.com/auction/08de5782-6b80-9725-0022-4878fcbd0000
"BMT xms Car Interior LED Light Replacement for Toyota 4Runner 2010-2024,6000K Super Bright Interior Light Bulbs Package, 16pcs",24.99,2.0,2026-01-23T03:46:00+00:00,https://buywander.com/auction/08de5783-6921-eaf5-0022-4878fcbd0000
"Camco Evo X3 Triple Stage Premium Camper/RV Water Filter Kit | Features 3 Replaceable Cartridges to Remove Sediments, Chlorine, Bad Tastes, Odors, Viruses, Bacteria, Contaminates, and More (40649)",285.57,2.0,2026-01-23T04:46:00+00:00,https://buywander.com/auction/08de578a-e3ec-a1aa-0022-487a2e050000
Home 3-a:40-B:C Class ABC 2.5 Lb. Fire Extinguisher 21030936,52.97,6.0,2026-01-23T04:24:00+00:00,https://buywander.com/auction/08de578e-fc57-eed4-0022-487e48900000
Rear Axle Shaft & Nut for Honda Rancher 420 TRX420 FE FM TE TM FPE FPM 2007-2013 42310-HP5-600,69.99,2.0,2026-01-23T03:47:00+00:00,https://buywander.com/auction/08de579d-ce9f-2ad6-0022-4878fcbd0000
"2 PCS Front Fog Light Cover Fit for Toyota Camry SE XSE 2021 2022 2023, ABS Front Bumper Fog Lamp Frame Cover Left Driver & Right Passenger Side Replacement for 8148106240 8148206200 (Gloss Black)",47.99,2.0,2026-01-23T04:22:00+00:00,https://buywander.com/auction/08de57a1-f4e2-46ae-0022-4878fcbd0000
SHICHU Engine Motor Mount Compatible with 2007 2008 2009 2010 2011 CR-V 2.4L L4 4WD FWD Replacement for A4535 A4536 A4595 A4598 A65010,73.99,2.0,2026-01-23T04:22:00+00:00,https://buywander.com/auction/08de57a3-b862-059b-0022-4878fcbd0000
"A-Premium HVAC Heater Blower Motor Assembly Compatible with Suzuki Vehicles - Grand Vitara 2006-2013, Sport Utility - Front Side, Replace# 7415076K10, 7415076K11",69.49,2.0,2026-01-23T03:43:00+00:00,https://buywander.com/auction/08de57a4-09b9-e085-0022-487e48900000
"Lrimauix Smart RGB+IC Led Snowboard Light Strip, 13FT 5V USB Powered Around Snowboard Lights, IP68 Fully Waterproof Dream Color Chasing Night Ski Lights, Cuttable, APP/Remote Control",49.99,3.01,2026-01-23T03:38:00+00:00,https://buywander.com/auction/08de5729-f0b0-4605-0022-4878fcbd0000
ApplianPar 2Pcs Front Left Driver and Right Passenger Side Bumper Fog Light Cover Bezel for Civic 2019-2021,33.99,1,2026-01-23T04:20:00+00:00,https://buywander.com/auction/08de577d-aeae-56fe-0022-4878fcbd0000
HD-Mart Car Floor Mats for Jeep Renegade 2015 2016 2017 2018 2019 2020 2021 2022 2023 2024 2025 Custom Fit Full Black Rubber Car Floor Liners Set All Weather Protection Heavy Duty Odorless,48.99,2.0,2026-01-23T04:01:00+00:00,https://buywander.com/auction/08de5782-09b5-d0d2-0022-4878fcbd0000
JDMON Rear Left Tailgate Power Lift Support Shock Strut Compatible with Ford Edge 2015-2021 Replacement for FK7BR402A55AC,79.99,2.0,2026-01-23T03:36:00+00:00,https://buywander.com/auction/08de5792-2e49-d8a7-0022-487e48900000
"Dynofit M12x1.25 Black Lug Nuts Set for 350Z 370Z Altima Infinit Q50 Q60, 20pcs Closed End Spline Wheel Nuts fit Subaru Forester BRZ Outback WRX, 12mm-1.25 Conical Seat Lugnut for Aftermarket Wheel",20.99,2.0,2026-01-23T04:04:00+00:00,https://buywander.com/auction/08de5795-6854-0011-0022-4878fcbd0000
Dorman 911-633 Vapor Canister Compatible with Select Lexus / Toyota Models,184.51,2.0,2026-01-23T03:04:00+00:00,https://buywander.com/auction/08de5799-cde2-25c2-0022-487e48900000
"Zettum Car Windshield Cover for Ice and Snow - 600D Windshield Snow Cover with Side Mirror Cover Heavy Duty, Standard Winter Frost Hail Protector for Most Car, Truck, SUV, Van and MPV (70 x 50 Inch)",26.99,2.0,2026-01-23T03:36:00+00:00,https://buywander.com/auction/08de579e-b000-5d63-0022-487e48900000
Jdeymat Floor Mats & Cargo Liner Set Compatible for Hyundai Tucson 2022 2023 2024 2025 2026 Accessories All Weather Rubber Protect Mat Black (Fit All Models) (Floor Mats+Cargo Liner),99.88,2.0,2026-01-23T04:08:00+00:00,https://buywander.com/auction/08de579f-5215-5d24-0022-4878fcbd0000
BOSCH 22A20A ICON Beam Wiper Blades - Driver and Passenger Side - Set of 2 Blades (22A & 20A) Front (22A & 20A) ICON Combo Pack (Front),52.18,2.0,2026-01-23T03:32:00+00:00,https://buywander.com/auction/08de57a1-e2ae-a49e-000d-3a07386f0000
"Winner International The Club 1000 Original Club Steering Wheel Lock, Red",51.99,3.0,2026-01-23T03:59:00+00:00,https://buywander.com/auction/08de57a7-6d0d-2f48-0022-487a2e050000
"Winner International The Club 1000 Original Club Steering Wheel Lock, Red",51.99,3.0,2026-01-23T03:59:00+00:00,https://buywander.com/auction/08de57a7-6d0d-2f48-0022-487a2e050000
"Automatic Retractable Car Sunshade, 2025 New Adjustable Auto Windshield Sun Shade, 35x50 inch Suction Cup Sunshade for Various Models, UV Blocking Protects for Drivers",29.98,1,2026-01-23T04:29:00+00:00,https://buywander.com/auction/08de5721-3aa5-127c-0022-4878fcbd0000
"Automatic Retractable Car Sunshade, 2025 New Adjustable Auto Windshield Sun Shade, 35x50 inch Suction Cup Sunshade for Various Models, UV Blocking Protects for Drivers",29.98,1,2026-01-23T04:44:00+00:00,https://buywander.com/auction/08de5721-3b1c-021f-0022-4878fcbd0000
"Automatic Retractable Car Sunshade, 2025 New Adjustable Auto Windshield Sun Shade, 35x50 inch Suction Cup Sunshade for Various Models, UV Blocking Protects for Drivers",29.98,1,2026-01-23T04:59:00+00:00,https://buywander.com/auction/08de5721-3c10-6b88-0022-4878fcbd0000
"SANBAN-AXE Truck Bed Mat for Ford F-150 2015-2025 (5.5ft,67.1in) (Including F-150 Lightning 2022-2024) - All Weather TPE Protector-Black",89.99,1,2026-01-23T04:35:00+00:00,https://buywander.com/auction/08de5778-0ad1-ef7c-0022-487e48900000
WASOFF Hood Protector Fit for Toyota Tacoma 2024 2025 4Runner Bugflector TPE Low Profile Hood Shield Bug Hood Deflector Fit for Toyota 4Runner 2025 Accessory Hood Guard for Tacoma Accessories 2024,43.99,1,2026-01-23T03:50:00+00:00,https://buywander.com/auction/08de577a-9986-a64b-0022-487e48900000
"Gariqe Front Lower Control Arms w/Ball Joint & Bushing, Compatible with Chevy HHR 2006-2011, Chevrolet Cobalt 2005-2010, Pontiac G5 2007-2010, Pursuit 2005-2006 Replacement # K620897,K620898",115.0,1,2026-01-23T03:29:00+00:00,https://buywander.com/auction/08de577b-5730-d752-0022-4878fcbd0000
Utiiy Jump Seat Cup Holder Coaster Fit for Dodge Ram 1500/2500/3500/4500/5500 2013-2018 &2019-2025 Classic Model Cup Holder Mat Pad Inserts Interior CupHolder Liner for Dodge Ram(for Ram Jump Seat),29.99,1,2026-01-23T03:55:00+00:00,https://buywander.com/auction/08de5786-9bbb-65d0-0022-487e48900000
"KIMISS Universal Car Seat Armrest – 0-120° Adjustable, Shock Absorbing – Fit for Iveco, Trucks, RVs – No-Drill Installation with Mounting Kit (Left)",47.13,1,2026-01-23T04:29:00+00:00,https://buywander.com/auction/08de5786-c88b-1486-0022-487e48900000
"Fuel Injectors for Chevy Captiva Sport 2012-2015, Equinox 2011-2017, Impala 2014, Malibu 13-14, for GMC Terrain 11-17, for Buick Lacrosse 12-16, Regal 11-17, Verano 12-17 2.4L Replace 12633784 6Holes",61.99,1,2026-01-23T03:58:00+00:00,https://buywander.com/auction/08de5786-f597-be04-0022-487e48900000
MOFOAP Replacement Right Passenger Side Mirror Cover Caps for Nissan Sentra 2013 2014 2015 2016 2017 2018 2019 Mirror Cap Without Light (Dark Grey),20.99,1,2026-01-23T03:53:00+00:00,https://buywander.com/auction/08de578a-8eca-1c65-0022-4878fcbd0000
GM Genuine Parts 12678001 Drive Belt Tensioner,65.7,1,2026-01-23T03:30:00+00:00,https://buywander.com/auction/08de578c-aaf7-b75b-0022-4878fcbd0000
CarBole Aluminum Coolant Thermostat Housing Assembly 1.4L Turbo Engine for Encore 2013-2020 Chevy Cruze 2011-2016 Cruze Limited 2016 Sonic 2012-2020 Replace 902-808 25200455 55565336,19.99,1,2026-01-23T03:47:00+00:00,https://buywander.com/auction/08de5799-3d02-db09-0022-487e48900000
"JC Whitney Window Regulator Compatible with 2002-2006 Toyota Camry USA Built Vehicle Front, Passenger Side JT462935",49.72,1,2026-01-23T03:44:00+00:00,https://buywander.com/auction/08de579b-0899-e538-0022-4878fcbd0000
powoq 3rd Row Cargo Mat Compatible with 2021-2025 Toyota Sienna Trunk Mat Backrest Mat TPE Cargo Liner Replacement for 2021 2022 2023 2024 2025 Toyota Sienna Accessories(Trunk Mat+Backrest Mat),89.99,1,2026-01-23T03:45:00+00:00,https://buywander.com/auction/08de579d-5938-b26d-0022-4878fcbd0000
FEXON Secondary Air Injection Smog Pump Compatible with 2005-2015 Toyota Tacoma 2.7L L4 Replaces 176000C020 176100C020,52.99,1,2026-01-23T04:34:00+00:00,https://buywander.com/auction/08de579d-b336-4fa3-0022-4878fcbd0000
MOOG K500289 Front Lower Suspension Ball Joint for Honda Accord,35.78,1,2026-01-23T03:55:00+00:00,https://buywander.com/auction/08de57a2-462f-5ec8-0022-487e48900000
Centric 121.61042 C-Tek Automotive Rear Brake Rotor Fits Select Ford Model Year,37.88,1,2026-01-23T03:54:00+00:00,https://buywander.com/auction/08de57a3-9daa-c969-0022-4878fcbd0000
68365931AD Aluminum Engine Oil Cooler & Oil Filter Housing Adapter Assembly Compatible with 2019-2020 Jeep Wrangler Grand Cherokee Dodge Challenger Charger Caravan Durango Chrysler 300,54.99,1,2026-01-23T03:44:00+00:00,https://buywander.com/auction/08de57a3-d37d-3dab-0022-487e48900000
"Upper Passenger Side Mirror Compatible with Ford F150 2015-2020, F250 2017-2022, F350 2017-2019, Right Side Mirrors Replacement Glass with Blind Spot, Power Heated",58.99,1,2026-01-23T04:48:00+00:00,https://buywander.com/auction/08de57a7-2465-0147-0022-487e48900000
"Automatic Retractable Car Sunshade, 2025 New Adjustable Auto Windshield Sun Shade, 35x50 inch Suction Cup Sunshade for Various Models, UV Blocking Protects for Drivers",29.98,1,2026-01-23T04:29:00+00:00,https://buywander.com/auction/08de5721-3aa5-127c-0022-4878fcbd0000
"Automatic Retractable Car Sunshade, 2025 New Adjustable Auto Windshield Sun Shade, 35x50 inch Suction Cup Sunshade for Various Models, UV Blocking Protects for Drivers",29.98,1,2026-01-23T04:44:00+00:00,https://buywander.com/auction/08de5721-3b1c-021f-0022-4878fcbd0000
BERKSYDE Leather Dashboard Dash Cover Mat Carpet PU Compatible with 2011 2012 2013 2014 Hyundai Sonata,36.99,1,2026-01-23T04:25:00+00:00,https://buywander.com/auction/08de5724-7c01-2bb9-0022-487e48900000
170SD 170SA Snow blower Snow Thrower Carburetor Assembly Carburetor Replacement for Huhayi 951-15236 751-15236,99.0,1,2026-01-23T04:28:00+00:00,https://buywander.com/auction/08de5742-ece0-b5f4-0022-4878fcbd0000
"Powerty Cargo Cove for Honda HR-V 2016-2022, Trunk Cover Retractable Trunk Shielding Shade for 2016-2022 HRV Accessories All Weather Protection Cargo Luggage Cover",65.98,1,2026-01-23T03:40:00+00:00,https://buywander.com/auction/08de5743-ffac-dc51-0022-4878fcbd0000
AnnoVinco 8PCS Front Rear Ceramic Brake Pads Replacement Kit Fits 2003 2004 2005 2006 2007 for Honda Accord (D537/D959),31.89,1,2026-01-23T04:27:00+00:00,https://buywander.com/auction/08de5744-1406-d13e-0022-4878fcbd0000
"SANBAN-AXE Truck Bed Mat for Ford F-150 2015-2025 (5.5ft,67.1in) (Including F-150 Lightning 2022-2024) - All Weather TPE Protector-Black",89.99,1,2026-01-23T04:35:00+00:00,https://buywander.com/auction/08de5778-0ad1-ef7c-0022-487e48900000
MOOG 81411 Coil Spring Set for Toyota Sienna,92.2,1,2026-01-23T03:43:00+00:00,https://buywander.com/auction/08de5778-1c8c-5bae-0022-487e48900000
"Gariqe Front Lower Control Arms w/Ball Joint & Bushing, Compatible with Chevy HHR 2006-2011, Chevrolet Cobalt 2005-2010, Pontiac G5 2007-2010, Pursuit 2005-2006 Replacement # K620897,K620898",115.0,1,2026-01-23T03:29:00+00:00,https://buywander.com/auction/08de577b-5730-d752-0022-4878fcbd0000
8pc Front Lower Control Arms Assembly Suspension Kit Fit for 2008-2013 Nissan Rogue 2014-2015 Rogue Select with Sway Bars Inner Outer Tie Rods End,82.68,1,2026-01-23T03:43:00+00:00,https://buywander.com/auction/08de577e-513d-10ad-0022-487e48900000
munirater 8Pcs Front Bumper Brace Bracket Steel Black Replacement for 2007-2013 Silverado 1500 GM1066180 GM1067180 GM1066179 GM1067179 GM1042107 GM1043107 GM1004148 GM1005148,89.25,1,2026-01-23T03:33:00+00:00,https://buywander.com/auction/08de5782-24e4-21f4-0022-4878fcbd0000
"KIMISS Universal Car Seat Armrest – 0-120° Adjustable, Shock Absorbing – Fit for Iveco, Trucks, RVs – No-Drill Installation with Mounting Kit (Left)",47.13,1,2026-01-23T04:29:00+00:00,https://buywander.com/auction/08de5786-c88b-1486-0022-487e48900000
Water Pump with Gasket 1204350 AW7163 Replacement For Commander Dodge Ram 1500 Dakota Durango Replacement For Grand Cherokee Liberty Chrysler Aspen Replacement For Mitsubishi Raider 3.7L V6 4.7L V8,33.99,1,2026-01-23T04:27:00+00:00,https://buywander.com/auction/08de578c-7f82-3fa3-0022-487e48900000
"ACDelco Silver Front Brake Rotor 18A1811A | GM 19287164 Brake Rotors for Select Infiniti EX35, EX37, Infiniti G25, Q40, Q70, Nissan Altima, Nissan Maxima, Murano, and more",41.47,1,2026-01-23T04:26:00+00:00,https://buywander.com/auction/08de5791-32e0-af4a-0022-4878fcbd0000
"JC Whitney Window Regulator Compatible with 2002-2006 Toyota Camry USA Built Vehicle Front, Passenger Side JT462935",49.72,1,2026-01-23T03:44:00+00:00,https://buywander.com/auction/08de579b-0899-e538-0022-4878fcbd0000
powoq 3rd Row Cargo Mat Compatible with 2021-2025 Toyota Sienna Trunk Mat Backrest Mat TPE Cargo Liner Replacement for 2021 2022 2023 2024 2025 Toyota Sienna Accessories(Trunk Mat+Backrest Mat),89.99,1,2026-01-23T03:45:00+00:00,https://buywander.com/auction/08de579d-5938-b26d-0022-4878fcbd0000
FEXON Secondary Air Injection Smog Pump Compatible with 2005-2015 Toyota Tacoma 2.7L L4 Replaces 176000C020 176100C020,52.99,1,2026-01-23T04:34:00+00:00,https://buywander.com/auction/08de579d-b336-4fa3-0022-4878fcbd0000
"Rain-X 5079282-2 Latitude 2-In-1 Water Repellent Wiper Blades, 28 Inch Windshield Wipers (Pack Of 1), Automotive Replacement Windshield Wiper Blades With Patented Repellency Formula",19.44,1,2026-01-23T03:43:00+00:00,https://buywander.com/auction/08de579e-b01b-dbfe-0022-487e48900000
"Aramox 2Pcs Universal Bonnet Air Vents Engine Hood Car Exterior Parts Fit for RS MK2 , Front Bonnet Vent (Glossy Black)",16.64,1,2026-01-23T03:43:00+00:00,https://buywander.com/auction/08de57a1-6da6-37b9-0022-4878fcbd0000
OSKYUO 62TE Transmission Pressure Transducer Sensor 5078708AC Compatible with Chrysler 200 Pacifica Sebring Town & Country Dodge Avenger Grand Caravan Journey Ram C/V ProMaster 1500 2500 3500 926-442,24.79,1,2026-01-23T04:28:00+00:00,https://buywander.com/auction/08de57a2-851a-7f1c-0022-487e48900000
Forccord Cabin & Engine Air Filter Fit for Honda Accord 1.5L Gas 2022 2021 2020 2019 2018 Activated Carbon Cabin Filter Replacement CF10134 CA12290 Air Filter for My Accord Car,22.99,1,2026-01-23T04:26:00+00:00,https://buywander.com/auction/08de57a3-ca73-a663-0022-4878fcbd0000
"Upper Passenger Side Mirror Compatible with Ford F150 2015-2020, F250 2017-2022, F350 2017-2019, Right Side Mirrors Replacement Glass with Blind Spot, Power Heated",58.99,1,2026-01-23T04:48:00+00:00,https://buywander.com/auction/08de57a7-2465-0147-0022-487e48900000
Hot Wheels Helmet with Surprise Bonus Car for Bikes  Skateboards and Scooters for Kids Ages 5+,22.96,1,2026-01-23T04:24:00+00:00,https://buywander.com/auction/08de5721-a032-7faf-0022-4878fcbd0000
BERKSYDE Leather Dashboard Dash Cover Mat Carpet PU Compatible with 2011 2012 2013 2014 Hyundai Sonata,36.99,1,2026-01-23T04:25:00+00:00,https://buywander.com/auction/08de5724-7c01-2bb9-0022-487e48900000
170SD 170SA Snow blower Snow Thrower Carburetor Assembly Carburetor Replacement for Huhayi 951-15236 751-15236,99.0,1,2026-01-23T04:28:00+00:00,https://buywander.com/auction/08de5742-ece0-b5f4-0022-4878fcbd0000
"Powerty Cargo Cove for Honda HR-V 2016-2022, Trunk Cover Retractable Trunk Shielding Shade for 2016-2022 HRV Accessories All Weather Protection Cargo Luggage Cover",65.98,1,2026-01-23T03:40:00+00:00,https://buywander.com/auction/08de5743-ffac-dc51-0022-4878fcbd0000
AnnoVinco 8PCS Front Rear Ceramic Brake Pads Replacement Kit Fits 2003 2004 2005 2006 2007 for Honda Accord (D537/D959),31.89,1,2026-01-23T04:27:00+00:00,https://buywander.com/auction/08de5744-1406-d13e-0022-4878fcbd0000
MOOG 81411 Coil Spring Set for Toyota Sienna,92.2,1,2026-01-23T03:43:00+00:00,https://buywander.com/auction/08de5778-1c8c-5bae-0022-487e48900000
8pc Front Lower Control Arms Assembly Suspension Kit Fit for 2008-2013 Nissan Rogue 2014-2015 Rogue Select with Sway Bars Inner Outer Tie Rods End,82.68,1,2026-01-23T03:43:00+00:00,https://buywander.com/auction/08de577e-513d-10ad-0022-487e48900000
munirater 8Pcs Front Bumper Brace Bracket Steel Black Replacement for 2007-2013 Silverado 1500 GM1066180 GM1067180 GM1066179 GM1067179 GM1042107 GM1043107 GM1004148 GM1005148,89.25,1,2026-01-23T03:33:00+00:00,https://buywander.com/auction/08de5782-24e4-21f4-0022-4878fcbd0000
DICMIC at Shifter Switch with Screw Compatible with 2013-2014 Mazda CX-5 2014 Mazda 6 Replace# KDY0-46-040,19.99,1,2026-01-23T04:23:00+00:00,https://buywander.com/auction/08de578b-0381-de85-0022-4878fcbd0000
Water Pump with Gasket 1204350 AW7163 Replacement For Commander Dodge Ram 1500 Dakota Durango Replacement For Grand Cherokee Liberty Chrysler Aspen Replacement For Mitsubishi Raider 3.7L V6 4.7L V8,33.99,1,2026-01-23T04:27:00+00:00,https://buywander.com/auction/08de578c-7f82-3fa3-0022-487e48900000
"ACDelco Silver Front Brake Rotor 18A1811A | GM 19287164 Brake Rotors for Select Infiniti EX35, EX37, Infiniti G25, Q40, Q70, Nissan Altima, Nissan Maxima, Murano, and more",41.47,1,2026-01-23T04:26:00+00:00,https://buywander.com/auction/08de5791-32e0-af4a-0022-4878fcbd0000
"BOSCH B36012 360 Complete Vehicle Wiper Blade Replacement - Includes Front Beam Blades (Pair) + Rear Wiper Blade (1) - 22""/21""/11"" Front (22"" & 21"") + Rear (11"") 360 Combo Pack (Front + Rear)",57.99,1,2026-01-23T04:22:00+00:00,https://buywander.com/auction/08de5792-1c95-b440-0022-487e48900000
Water Pump 15521-73039 15521-73033 6653941 6684225 For Kubota Engine L235 L275 L355S L3350 L4350 R420 R520 V1902 V2003 V2203 V2403 D1703 D1402 Bobcat S175 S185 S150 643 645 743 751 753 763 773,46.99,1,2026-01-23T03:42:00+00:00,https://buywander.com/auction/08de5792-2e4d-5a3b-0022-487e48900000
"PHILTOP 513309 Front Wheel Bearing Fit for Mini Cooper 2006-2015, 4 Lugs Wheel Hub Assembly",72.88,1,2026-01-23T04:20:00+00:00,https://buywander.com/auction/08de5793-2077-ed39-0022-4878fcbd0000
"FINALAWOLF ATV Snow Plow Brackets, Snow Plow Base Frame OEM 105745 (Black)",70.99,1,2026-01-23T03:42:00+00:00,https://buywander.com/auction/08de5795-a744-2bc7-0022-487e48900000
"Rain-X 5079282-2 Latitude 2-In-1 Water Repellent Wiper Blades, 28 Inch Windshield Wipers (Pack Of 1), Automotive Replacement Windshield Wiper Blades With Patented Repellency Formula",19.44,1,2026-01-23T03:43:00+00:00,https://buywander.com/auction/08de579e-b01b-dbfe-0022-487e48900000
"Aramox 2Pcs Universal Bonnet Air Vents Engine Hood Car Exterior Parts Fit for RS MK2 , Front Bonnet Vent (Glossy Black)",16.64,1,2026-01-23T03:43:00+00:00,https://buywander.com/auction/08de57a1-6da6-37b9-0022-4878fcbd0000
SIKUAI Car Shark Fin Antenna Topper Roof Cover Exterior Decoration Sticker Trim Cap Carbon Fiber for BMW 3 Series E90 E92 2 Door Coupe and 4 Door Sedan & Wagon for BMW 1 Series E82 Coupe 2009-2013,15.99,1,2026-01-23T03:42:00+00:00,https://buywander.com/auction/08de57a1-7712-90c7-0022-4878fcbd0000
OSKYUO 62TE Transmission Pressure Transducer Sensor 5078708AC Compatible with Chrysler 200 Pacifica Sebring Town & Country Dodge Avenger Grand Caravan Journey Ram C/V ProMaster 1500 2500 3500 926-442,24.79,1,2026-01-23T04:28:00+00:00,https://buywander.com/auction/08de57a2-851a-7f1c-0022-487e48900000
Forccord Cabin & Engine Air Filter Fit for Honda Accord 1.5L Gas 2022 2021 2020 2019 2018 Activated Carbon Cabin Filter Replacement CF10134 CA12290 Air Filter for My Accord Car,22.99,1,2026-01-23T04:26:00+00:00,https://buywander.com/auction/08de57a3-ca73-a663-0022-4878fcbd0000
"Vurkcy Electric Fuel Pump Module Assembly Compatible with 2005-2007 GMC Envoy & Chevrolet SSR/Trailblazer, 2005-2007 Buick Rainier/Isuzu Ascender/Saab 9-7x, 4.2L 5.3L 6.0L, Replace E3707M, FG0515",58.99,1,2026-01-23T04:24:00+00:00,https://buywander.com/auction/08de57a3-ee67-fc6e-0022-4878fcbd0000
170SD 170SA Snow blower Snow Thrower Carburetor Assembly Carburetor Replacement for Huhayi 951-15236 751-15236,99.0,1,2026-01-23T04:28:00+00:00,https://buywander.com/auction/08de5742-ece0-b5f4-0022-4878fcbd0000
"Powerty Cargo Cove for Honda HR-V 2016-2022, Trunk Cover Retractable Trunk Shielding Shade for 2016-2022 HRV Accessories All Weather Protection Cargo Luggage Cover",65.98,1,2026-01-23T03:40:00+00:00,https://buywander.com/auction/08de5743-ffac-dc51-0022-4878fcbd0000
AnnoVinco 8PCS Front Rear Ceramic Brake Pads Replacement Kit Fits 2003 2004 2005 2006 2007 for Honda Accord (D537/D959),31.89,1,2026-01-23T04:27:00+00:00,https://buywander.com/auction/08de5744-1406-d13e-0022-4878fcbd0000
"BOPUOVRE Car Seat Cover for Luxury & Comfort - PU Leather, Anti-Slip, Full Wrap Protection with Storage Pocket for Bottom Cushion - Universal Fit for 95% of Vehicles (Gray,1 Piece)",22.68,1,2026-01-23T04:12:00+00:00,https://buywander.com/auction/08de577f-4369-14d3-0022-487e48900000
DAYSYORE Engine Timing Chain Kit - with Water Pump Fits for 2007-2010 Ford Edge Flex Taurus 3.5L for Lincoln MKS MKT MKX for Mazda 6 CX-9 3.5L 3.7L DOHC Replace OE AT4Z-6306-A 7T4Z-6256-A 7T4Z-6268-CA,149.99,1,2026-01-23T03:20:00+00:00,https://buywander.com/auction/08de577f-4c8e-123e-0022-4878fcbd0000
Utiiy Jump Seat Cup Holder Coaster Fit for Dodge Ram 1500/2500/3500/4500/5500 2013-2018 &2019-2025 Classic Model Cup Holder Mat Pad Inserts Interior CupHolder Liner for Dodge Ram(for Ram Jump Seat),29.99,1,2026-01-23T03:55:00+00:00,https://buywander.com/auction/08de5786-9bbb-65d0-0022-487e48900000
"Aspligo 2Pcs 515072 Front Wheel Bearing Hub Assembly Fit for Dodge Ram 1500 2002 2003 2004 2005 2006 2007 2008, 5 Lug",88.99,1,2026-01-23T04:19:00+00:00,https://buywander.com/auction/08de5786-c86a-2fa1-0022-4878fcbd0000
MOFOAP Replacement Right Passenger Side Mirror Cover Caps for Nissan Sentra 2013 2014 2015 2016 2017 2018 2019 Mirror Cap Without Light (Dark Grey),20.99,1,2026-01-23T03:53:00+00:00,https://buywander.com/auction/08de578a-8eca-1c65-0022-4878fcbd0000
GMBooskr AA5Z9F479C 5WK96848 Manifold Pressure MAP Sensor for Ford Expedition 2015-2017 F-150 2011-2016 Transit 150 250 350 2015-2021 for Lincoln Navigator 2015-2017,26.89,1,2026-01-23T04:16:00+00:00,https://buywander.com/auction/08de578a-97ea-aa21-0022-4878fcbd0000
VANBOL Electric Fuel Pump Assembly Compatible with 2004-2007 Chevy Tahoe GMC Yukon Cadillac Escalade V8 4.8L 5.3L 6.0L 6.2L GAS Only Replace E3581M VANBOL0114 with Pressure Sensor O-ring 3 Tube,63.99,1,2026-01-23T04:17:00+00:00,https://buywander.com/auction/08de578c-3ea2-e734-0022-487e48900000
Water Pump with Gasket 1204350 AW7163 Replacement For Commander Dodge Ram 1500 Dakota Durango Replacement For Grand Cherokee Liberty Chrysler Aspen Replacement For Mitsubishi Raider 3.7L V6 4.7L V8,33.99,1,2026-01-23T04:27:00+00:00,https://buywander.com/auction/08de578c-7f82-3fa3-0022-487e48900000
Dorman 741-587 Front Passenger Side Power Window Regulator And Motor Assembly Compatible with Select Ford Models (OE FIX),74.0,1,2026-01-23T04:16:00+00:00,https://buywander.com/auction/08de578e-631c-9b10-0022-4878fcbd0000
"ACDelco Silver Front Brake Rotor 18A1811A | GM 19287164 Brake Rotors for Select Infiniti EX35, EX37, Infiniti G25, Q40, Q70, Nissan Altima, Nissan Maxima, Murano, and more",41.47,1,2026-01-23T04:26:00+00:00,https://buywander.com/auction/08de5791-32e0-af4a-0022-4878fcbd0000
"BOSCH B36012 360 Complete Vehicle Wiper Blade Replacement - Includes Front Beam Blades (Pair) + Rear Wiper Blade (1) - 22""/21""/11"" Front (22"" & 21"") + Rear (11"") 360 Combo Pack (Front + Rear)",57.99,1,2026-01-23T04:22:00+00:00,https://buywander.com/auction/08de5792-1c95-b440-0022-487e48900000
"PHILTOP 513309 Front Wheel Bearing Fit for Mini Cooper 2006-2015, 4 Lugs Wheel Hub Assembly",72.88,1,2026-01-23T04:20:00+00:00,https://buywander.com/auction/08de5793-2077-ed39-0022-4878fcbd0000
"AUQDD K750125 K750126 Rear Sway Bar Stabilizer Link Compatible With 2006-2011 Acu-ra CSX ，2013-2019 ILX /2006-2015 Hon-da Civic,2013-2014 Fit EV",20.61,1,2026-01-23T04:16:00+00:00,https://buywander.com/auction/08de5795-7a67-8118-0022-4878fcbd0000
"HQPASFY Ignition Coils Pack UF672 & Iridium Spark Plugs Set of 4 Compatible with 2012-2015 Honda Civic, 2016-2020 Honda HR-V, 2013-2015 Acura ILX, 1.8L, 2.0L Replaces # GN1042, 5C1880",60.99,1,2026-01-23T04:14:00+00:00,https://buywander.com/auction/08de5797-a73d-84cf-0022-487a2e050000
MOOG K500289 Front Lower Suspension Ball Joint for Honda Accord,35.78,1,2026-01-23T03:55:00+00:00,https://buywander.com/auction/08de57a2-462f-5ec8-0022-487e48900000
OSKYUO 62TE Transmission Pressure Transducer Sensor 5078708AC Compatible with Chrysler 200 Pacifica Sebring Town & Country Dodge Avenger Grand Caravan Journey Ram C/V ProMaster 1500 2500 3500 926-442,24.79,1,2026-01-23T04:28:00+00:00,https://buywander.com/auction/08de57a2-851a-7f1c-0022-487e48900000
Dorman 675-223 Exhaust Manifold Hardware Kit Compatible with Select Ford Models,24.58,1,2026-01-23T04:17:00+00:00,https://buywander.com/auction/08de57a2-b2b1-6a86-0022-487e48900000
Centric 121.61042 C-Tek Automotive Rear Brake Rotor Fits Select Ford Model Year,37.88,1,2026-01-23T03:54:00+00:00,https://buywander.com/auction/08de57a3-9daa-c969-0022-4878fcbd0000
Forccord Cabin & Engine Air Filter Fit for Honda Accord 1.5L Gas 2022 2021 2020 2019 2018 Activated Carbon Cabin Filter Replacement CF10134 CA12290 Air Filter for My Accord Car,22.99,1,2026-01-23T04:26:00+00:00,https://buywander.com/auction/08de57a3-ca73-a663-0022-4878fcbd0000
Hot Wheels Helmet with Surprise Bonus Car for Bikes  Skateboards and Scooters for Kids Ages 5+,22.96,1,2026-01-23T04:24:00+00:00,https://buywander.com/auction/08de5721-a032-7faf-0022-4878fcbd0000
BERKSYDE Leather Dashboard Dash Cover Mat Carpet PU Compatible with 2011 2012 2013 2014 Hyundai Sonata,36.99,1,2026-01-23T04:25:00+00:00,https://buywander.com/auction/08de5724-7c01-2bb9-0022-487e48900000
"Gariqe Front Lower Control Arms w/Ball Joint & Bushing, Compatible with Chevy HHR 2006-2011, Chevrolet Cobalt 2005-2010, Pontiac G5 2007-2010, Pursuit 2005-2006 Replacement # K620897,K620898",115.0,1,2026-01-23T03:29:00+00:00,https://buywander.com/auction/08de577b-5730-d752-0022-4878fcbd0000
munirater 8Pcs Front Bumper Brace Bracket Steel Black Replacement for 2007-2013 Silverado 1500 GM1066180 GM1067180 GM1066179 GM1067179 GM1042107 GM1043107 GM1004148 GM1005148,89.25,1,2026-01-23T03:33:00+00:00,https://buywander.com/auction/08de5782-24e4-21f4-0022-4878fcbd0000
"Aspligo 2Pcs 515072 Front Wheel Bearing Hub Assembly Fit for Dodge Ram 1500 2002 2003 2004 2005 2006 2007 2008, 5 Lug",88.99,1,2026-01-23T04:19:00+00:00,https://buywander.com/auction/08de5786-c86a-2fa1-0022-4878fcbd0000
DICMIC at Shifter Switch with Screw Compatible with 2013-2014 Mazda CX-5 2014 Mazda 6 Replace# KDY0-46-040,19.99,1,2026-01-23T04:23:00+00:00,https://buywander.com/auction/08de578b-0381-de85-0022-4878fcbd0000
VANBOL Electric Fuel Pump Assembly Compatible with 2004-2007 Chevy Tahoe GMC Yukon Cadillac Escalade V8 4.8L 5.3L 6.0L 6.2L GAS Only Replace E3581M VANBOL0114 with Pressure Sensor O-ring 3 Tube,63.99,1,2026-01-23T04:17:00+00:00,https://buywander.com/auction/08de578c-3ea2-e734-0022-487e48900000
GM Genuine Parts 12678001 Drive Belt Tensioner,65.7,1,2026-01-23T03:30:00+00:00,https://buywander.com/auction/08de578c-aaf7-b75b-0022-4878fcbd0000
"BOSCH B36012 360 Complete Vehicle Wiper Blade Replacement - Includes Front Beam Blades (Pair) + Rear Wiper Blade (1) - 22""/21""/11"" Front (22"" & 21"") + Rear (11"") 360 Combo Pack (Front + Rear)",57.99,1,2026-01-23T04:22:00+00:00,https://buywander.com/auction/08de5792-1c95-b440-0022-487e48900000
"PHILTOP 513309 Front Wheel Bearing Fit for Mini Cooper 2006-2015, 4 Lugs Wheel Hub Assembly",72.88,1,2026-01-23T04:20:00+00:00,https://buywander.com/auction/08de5793-2077-ed39-0022-4878fcbd0000
Dorman 675-223 Exhaust Manifold Hardware Kit Compatible with Select Ford Models,24.58,1,2026-01-23T04:17:00+00:00,https://buywander.com/auction/08de57a2-b2b1-6a86-0022-487e48900000
"Vurkcy Electric Fuel Pump Module Assembly Compatible with 2005-2007 GMC Envoy & Chevrolet SSR/Trailblazer, 2005-2007 Buick Rainier/Isuzu Ascender/Saab 9-7x, 4.2L 5.3L 6.0L, Replace E3707M, FG0515",58.99,1,2026-01-23T04:24:00+00:00,https://buywander.com/auction/08de57a3-ee67-fc6e-0022-4878fcbd0000
"Automatic Retractable Car Sunshade, 2025 New Adjustable Auto Windshield Sun Shade, 35x50 inch Suction Cup Sunshade for Various Models, UV Blocking Protects for Drivers",29.98,1,2026-01-23T04:29:00+00:00,https://buywander.com/auction/08de5721-3aa5-127c-0022-4878fcbd0000
"Automatic Retractable Car Sunshade, 2025 New Adjustable Auto Windshield Sun Shade, 35x50 inch Suction Cup Sunshade for Various Models, UV Blocking Protects for Drivers",29.98,1,2026-01-23T04:44:00+00:00,https://buywander.com/auction/08de5721-3b1c-021f-0022-4878fcbd0000
"Automatic Retractable Car Sunshade, 2025 New Adjustable Auto Windshield Sun Shade, 35x50 inch Suction Cup Sunshade for Various Models, UV Blocking Protects for Drivers",29.98,1,2026-01-23T03:41:00+00:00,https://buywander.com/auction/08de5721-3b97-9a5d-0022-4878fcbd0000
170SD 170SA Snow blower Snow Thrower Carburetor Assembly Carburetor Replacement for Huhayi 951-15236 751-15236,99.0,1,2026-01-23T04:28:00+00:00,https://buywander.com/auction/08de5742-ece0-b5f4-0022-4878fcbd0000
AnnoVinco 8PCS Front Rear Ceramic Brake Pads Replacement Kit Fits 2003 2004 2005 2006 2007 for Honda Accord (D537/D959),31.89,1,2026-01-23T04:27:00+00:00,https://buywander.com/auction/08de5744-1406-d13e-0022-4878fcbd0000
"SANBAN-AXE Truck Bed Mat for Ford F-150 2015-2025 (5.5ft,67.1in) (Including F-150 Lightning 2022-2024) - All Weather TPE Protector-Black",89.99,1,2026-01-23T04:35:00+00:00,https://buywander.com/auction/08de5778-0ad1-ef7c-0022-487e48900000
"Gariqe Front Lower Control Arms w/Ball Joint & Bushing, Compatible with Chevy HHR 2006-2011, Chevrolet Cobalt 2005-2010, Pontiac G5 2007-2010, Pursuit 2005-2006 Replacement # K620897,K620898",115.0,1,2026-01-23T03:29:00+00:00,https://buywander.com/auction/08de577b-5730-d752-0022-4878fcbd0000
Fotha Tail Light Wire Harness Socket Compatible with Kia Sedona 2015 2016 2017 2018 92480-A9020,19.98,1,2026-01-23T04:03:00+00:00,https://buywander.com/auction/08de5783-17e3-b9ac-0022-487e48900000
"KIMISS Universal Car Seat Armrest – 0-120° Adjustable, Shock Absorbing – Fit for Iveco, Trucks, RVs – No-Drill Installation with Mounting Kit (Left)",47.13,1,2026-01-23T04:29:00+00:00,https://buywander.com/auction/08de5786-c88b-1486-0022-487e48900000
VANBOL Electric Fuel Pump Assembly Compatible with 2004-2007 Chevy Tahoe GMC Yukon Cadillac Escalade V8 4.8L 5.3L 6.0L 6.2L GAS Only Replace E3581M VANBOL0114 with Pressure Sensor O-ring 3 Tube,63.99,1,2026-01-23T04:17:00+00:00,https://buywander.com/auction/08de578c-3ea2-e734-0022-487e48900000
Water Pump with Gasket 1204350 AW7163 Replacement For Commander Dodge Ram 1500 Dakota Durango Replacement For Grand Cherokee Liberty Chrysler Aspen Replacement For Mitsubishi Raider 3.7L V6 4.7L V8,33.99,1,2026-01-23T04:27:00+00:00,https://buywander.com/auction/08de578c-7f82-3fa3-0022-487e48900000
FEXON Secondary Air Injection Smog Pump Compatible with 2005-2015 Toyota Tacoma 2.7L L4 Replaces 176000C020 176100C020,52.99,1,2026-01-23T04:34:00+00:00,https://buywander.com/auction/08de579d-b336-4fa3-0022-4878fcbd0000
OSKYUO 62TE Transmission Pressure Transducer Sensor 5078708AC Compatible with Chrysler 200 Pacifica Sebring Town & Country Dodge Avenger Grand Caravan Journey Ram C/V ProMaster 1500 2500 3500 926-442,24.79,1,2026-01-23T04:28:00+00:00,https://buywander.com/auction/08de57a2-851a-7f1c-0022-487e48900000
"Upper Passenger Side Mirror Compatible with Ford F150 2015-2020, F250 2017-2022, F350 2017-2019, Right Side Mirrors Replacement Glass with Blind Spot, Power Heated",58.99,1,2026-01-23T04:48:00+00:00,https://buywander.com/auction/08de57a7-2465-0147-0022-487e48900000
BERKSYDE Leather Dashboard Dash Cover Mat Carpet PU Compatible with 2011 2012 2013 2014 Hyundai Sonata,36.99,1,2026-01-23T04:25:00+00:00,https://buywander.com/auction/08de5724-7c01-2bb9-0022-487e48900000
Flexible Tail Tidy Fender Eliminator Kit for Suzuki DR-Z4S & DR-Z4SM (2025+) | Industrial grade Polyomer | Uses Factory Bolts & Bushings | Plug-and-Play | Manufacture Warranty | Made by Flexi Fender,61.54,1,2026-01-23T04:10:00+00:00,https://buywander.com/auction/08de572a-0b8c-2e41-0022-4878fcbd0000
"Rear Brake Pads and Rotors Kit Vented Compatible with Hyundai Sonata 2005-2008 w/3.3 V6 Engine, Drilled Slotted Brake Rotors Ceramic Brake Pads Geomet Coated 11.2in(284mm)",74.9,1,2026-01-23T03:40:00+00:00,https://buywander.com/auction/08de578d-43a8-11ec-0022-4878fcbd0000
"ACDelco Silver Front Brake Rotor 18A1811A | GM 19287164 Brake Rotors for Select Infiniti EX35, EX37, Infiniti G25, Q40, Q70, Nissan Altima, Nissan Maxima, Murano, and more",41.47,1,2026-01-23T04:26:00+00:00,https://buywander.com/auction/08de5791-32e0-af4a-0022-4878fcbd0000
Forccord Cabin & Engine Air Filter Fit for Honda Accord 1.5L Gas 2022 2021 2020 2019 2018 Activated Carbon Cabin Filter Replacement CF10134 CA12290 Air Filter for My Accord Car,22.99,1,2026-01-23T04:26:00+00:00,https://buywander.com/auction/08de57a3-ca73-a663-0022-4878fcbd0000
"Vurkcy Electric Fuel Pump Module Assembly Compatible with 2005-2007 GMC Envoy & Chevrolet SSR/Trailblazer, 2005-2007 Buick Rainier/Isuzu Ascender/Saab 9-7x, 4.2L 5.3L 6.0L, Replace E3707M, FG0515",58.99,1,2026-01-23T04:24:00+00:00,https://buywander.com/auction/08de57a3-ee67-fc6e-0022-4878fcbd0000
"PHILTOP Cabin Air Filter, Replacement for CF12968,2022-2024 Carnival Rear A/C, Premium Cabin Filter Filter Up Dust Pollen Odor",15.99,0,2026-01-23T04:29:00+00:00,https://buywander.com/auction/08de577f-dcfb-3f51-0022-487e48900000
"A-Premium Folding Seat Release Cable Kit Compatible with Dodge Grand Caravan 2011-2020 & Chrysler Town & Country 2011-2016 & Ram C/V 2015, 2-PC, Replace# 68143770AB",48.99,0,2026-01-23T04:26:00+00:00,https://buywander.com/auction/08de578b-dbe9-1837-0022-4878fcbd0000
"Wheelchair Rear Wheel Replacement Tire, Wheelchair Tire, 24 ""X 1"" Universal Flat-Free Polyurethane Tire, Suitable For Manual Wheelchair Tire Replacement (1 Pair) Black",23.29,0,2026-01-23T04:02:00+00:00,https://buywander.com/auction/08de5721-5a1c-353a-0022-4878fcbd0000
"Wheelchair Rear Wheel Replacement Tire, 24 ""X 1"" Universal Flat-Free Polyurethane Tire,Equipped With Installation Tools, Wheelchair Accessories For All Brands(1 Pair) Black",23.46,0,2026-01-23T04:03:00+00:00,https://buywander.com/auction/08de5793-e6df-8cb8-0022-4878fcbd0000
Right Passenger Side Mirror Compatible With 2011 2012 2013 Hyundai Elantra With Manual folding Power Glass Heated Black Replace#HY1321179(5Pins),38.99,0,2026-01-23T04:01:00+00:00,https://buywander.com/auction/08de5794-b472-4d8c-0022-487e48900000
"FRAM Extra Guard CA326 Replacement Engine Air Filter for Select Pontiac Oldsmobile, GMC, Chevrolet, Cadillac, Buick and Avanti Models, Provides Up to 12 Months or 12,000 Miles Filter Protection",18.24,0,2026-01-23T03:51:00+00:00,https://buywander.com/auction/08de579c-d29a-82fb-0022-487e48900000
"AHL 29331-04 HD-8834 Air Filter Compatible with Harley XL883R Sportster 54 CI 2005-2007,XL883 Sportster 54 CI 2004-2008,XL883C Sportster Custom 54 CI 2004-2010,XL883L Sportster Low 54 CI 2005-2010",22.69,0,2026-01-23T03:47:00+00:00,https://buywander.com/auction/08de584f-84fd-7dfc-0022-487e48900000
Trkimal 12.5 x 2.25 (12-1/2 x2-1/4) Scooter Tire & Inner Tube for Razor Pocket Mod Bella Betty Bistro Daisy Hannah Sweet Pea Currie Schwinn GT IZIP eZip Gas Electric Balance Bike,16.97,0,2026-01-23T03:43:00+00:00,https://buywander.com/auction/08de57a1-9b07-6a98-0022-4878fcbd0000
"FRAM Extra Guard CA326 Replacement Engine Air Filter for Select Pontiac Oldsmobile, GMC, Chevrolet, Cadillac, Buick and Avanti Models, Provides Up to 12 Months or 12,000 Miles Filter Protection",18.24,0,2026-01-23T03:51:00+00:00,https://buywander.com/auction/08de579c-d29a-82fb-0022-487e48900000
